Category,Type,Percentage
High,Universe,1.8864566648869905
Low,Universe,2.384765972592988
Medium,Universe,1.4326392596547428
Very High,Universe,42.99697455063178
Very Low,Universe,51.299163552233495
High,Industry,1.8864566648869905
Low,Industry,2.384765972592988
Medium,Industry,1.4326392596547428
Very High,Industry,42.99697455063178
Very Low,Industry,51.299163552233495
